sim_idx,model,family,memory,memory_k,projectname,cogtype,parser,taskname,tasktype,chain_type,trace_id,tunnel_id,trial_idx,trcode,context_item,stimulus,pred_resp_raw,resp_Vividness,fb_response
0,smollm2:360m-instruct-fp16,ollama,Convo,-1,vviq16_quickstart,no,DefaultLiteralVivid15,vviq16,imagery,item,20260803T12-28-40vviq16_quickstartConvovviq160,sidx-[0]-model-smollm2:360m-instruct-fp16-family-ollama-memory-Convo-vviq16_quickstart,0,S1_1,Think of some relative or friend whom you frequently see (but who is not with you at present) and consider carefully the picture that comes before your mind's eye.,"The exact contour of face, head, shoulders and body.",{'Vividness': 4},4,
0,smollm2:360m-instruct-fp16,ollama,Convo,-1,vviq16_quickstart,no,DefaultLiteralVivid15,vviq16,imagery,item,20260803T12-28-40vviq16_quickstartConvovviq160,sidx-[0]-model-smollm2:360m-instruct-fp16-family-ollama-memory-Convo-vviq16_quickstart,1,S1_2,Think of some relative or friend whom you frequently see (but who is not with you at present) and consider carefully the picture that comes before your mind's eye.,"Characteristic poses of head, attitudes of body, etc.",{'Vividness': 4},4,
0,smollm2:360m-instruct-fp16,ollama,Convo,-1,vviq16_quickstart,no,DefaultLiteralVivid15,vviq16,imagery,item,20260803T12-28-40vviq16_quickstartConvovviq160,sidx-[0]-model-smollm2:360m-instruct-fp16-family-ollama-memory-Convo-vviq16_quickstart,2,S1_3,Think of some relative or friend whom you frequently see (but who is not with you at present) and consider carefully the picture that comes before your mind's eye.,"The precise carriage, length of step, etc. in walking.",{'Vividness': 4},4,
0,smollm2:360m-instruct-fp16,ollama,Convo,-1,vviq16_quickstart,no,DefaultLiteralVivid15,vviq16,imagery,item,20260803T12-28-40vviq16_quickstartConvovviq160,sidx-[0]-model-smollm2:360m-instruct-fp16-family-ollama-memory-Convo-vviq16_quickstart,3,S1_4,Think of some relative or friend whom you frequently see (but who is not with you at present) and consider carefully the picture that comes before your mind's eye.,The different colours worn in some familiar clothes.,{'Vividness': 4},4,
0,smollm2:360m-instruct-fp16,ollama,Convo,-1,vviq16_quickstart,no,DefaultLiteralVivid15,vviq16,imagery,item,20260803T12-28-40vviq16_quickstartConvovviq160,sidx-[0]-model-smollm2:360m-instruct-fp16-family-ollama-memory-Convo-vviq16_quickstart,4,S2_1,Visualize a rising sun. Consider carefully the picture that comes before your mind's eye.,The sun is rising above the horizon into a hazy sky.,{'Vividness': 4},4,
0,smollm2:360m-instruct-fp16,ollama,Convo,-1,vviq16_quickstart,no,DefaultLiteralVivid15,vviq16,imagery,item,20260803T12-28-40vviq16_quickstartConvovviq160,sidx-[0]-model-smollm2:360m-instruct-fp16-family-ollama-memory-Convo-vviq16_quickstart,5,S2_2,Visualize a rising sun. Consider carefully the picture that comes before your mind's eye.,The sky clears and surrounds the sun with blueness.,{'Vividness': 4},4,
0,smollm2:360m-instruct-fp16,ollama,Convo,-1,vviq16_quickstart,no,DefaultLiteralVivid15,vviq16,imagery,item,20260803T12-28-40vviq16_quickstartConvovviq160,sidx-[0]-model-smollm2:360m-instruct-fp16-family-ollama-memory-Convo-vviq16_quickstart,6,S2_3,Visualize a rising sun. Consider carefully the picture that comes before your mind's eye.,"Clouds. A storm blows up, with flashes of lightning strikes.",{'Vividness': 4},4,
0,smollm2:360m-instruct-fp16,ollama,Convo,-1,vviq16_quickstart,no,DefaultLiteralVivid15,vviq16,imagery,item,20260803T12-28-40vviq16_quickstartConvovviq160,sidx-[0]-model-smollm2:360m-instruct-fp16-family-ollama-memory-Convo-vviq16_quickstart,7,S2_4,Visualize a rising sun. Consider carefully the picture that comes before your mind's eye.,A rainbow appears.,{'Vividness': 5},5,
0,smollm2:360m-instruct-fp16,ollama,Convo,-1,vviq16_quickstart,no,DefaultLiteralVivid15,vviq16,imagery,item,20260803T12-28-40vviq16_quickstartConvovviq160,sidx-[0]-model-smollm2:360m-instruct-fp16-family-ollama-memory-Convo-vviq16_quickstart,8,S3_1,Think of the front of a shop which you often go to. Consider the picture that comes before your mind's eye.,The overall appearance of the shop from the opposite side of the road.,{'Vividness': 5},5,
0,smollm2:360m-instruct-fp16,ollama,Convo,-1,vviq16_quickstart,no,DefaultLiteralVivid15,vviq16,imagery,item,20260803T12-28-40vviq16_quickstartConvovviq160,sidx-[0]-model-smollm2:360m-instruct-fp16-family-ollama-memory-Convo-vviq16_quickstart,9,S3_2,Think of the front of a shop which you often go to. Consider the picture that comes before your mind's eye.,"A window display including colour, shape and details of the articles in it.",{'Vividness': 5},5,
0,smollm2:360m-instruct-fp16,ollama,Convo,-1,vviq16_quickstart,no,DefaultLiteralVivid15,vviq16,imagery,item,20260803T12-28-40vviq16_quickstartConvovviq160,sidx-[0]-model-smollm2:360m-instruct-fp16-family-ollama-memory-Convo-vviq16_quickstart,10,S3_3,Think of the front of a shop which you often go to. Consider the picture that comes before your mind's eye.,"You are near the entrance. The colour, shape and details of the door.",{'Vividness': 5},5,
0,smollm2:360m-instruct-fp16,ollama,Convo,-1,vviq16_quickstart,no,DefaultLiteralVivid15,vviq16,imagery,item,20260803T12-28-40vviq16_quickstartConvovviq160,sidx-[0]-model-smollm2:360m-instruct-fp16-family-ollama-memory-Convo-vviq16_quickstart,11,S3_4,Think of the front of a shop which you often go to. Consider the picture that comes before your mind's eye.,You enter the shop and go to the counter. The counter assistant serves you.,{'Vividness': 5},5,
0,smollm2:360m-instruct-fp16,ollama,Convo,-1,vviq16_quickstart,no,DefaultLiteralVivid15,vviq16,imagery,item,20260803T12-28-40vviq16_quickstartConvovviq160,sidx-[0]-model-smollm2:360m-instruct-fp16-family-ollama-memory-Convo-vviq16_quickstart,12,S4_1,"Finally, think of a country scene which involves trees, mountains and a lake. Consider the picture that comes before your mind's eye.",The contours of the landscape.,{'Vividness': 4},4,
0,smollm2:360m-instruct-fp16,ollama,Convo,-1,vviq16_quickstart,no,DefaultLiteralVivid15,vviq16,imagery,item,20260803T12-28-40vviq16_quickstartConvovviq160,sidx-[0]-model-smollm2:360m-instruct-fp16-family-ollama-memory-Convo-vviq16_quickstart,13,S4_2,"Finally, think of a country scene which involves trees, mountains and a lake. Consider the picture that comes before your mind's eye.",The colour and shape of the trees.,{'Vividness': 4},4,
0,smollm2:360m-instruct-fp16,ollama,Convo,-1,vviq16_quickstart,no,DefaultLiteralVivid15,vviq16,imagery,item,20260803T12-28-40vviq16_quickstartConvovviq160,sidx-[0]-model-smollm2:360m-instruct-fp16-family-ollama-memory-Convo-vviq16_quickstart,14,S4_3,"Finally, think of a country scene which involves trees, mountains and a lake. Consider the picture that comes before your mind's eye.",The colour and shape of the lake in the scene.,{'Vividness': 4},4,
0,smollm2:360m-instruct-fp16,ollama,Convo,-1,vviq16_quickstart,no,DefaultLiteralVivid15,vviq16,imagery,item,20260803T12-28-40vviq16_quickstartConvovviq160,sidx-[0]-model-smollm2:360m-instruct-fp16-family-ollama-memory-Convo-vviq16_quickstart,15,S4_4,"Finally, think of a country scene which involves trees, mountains and a lake. Consider the picture that comes before your mind's eye.",A strong wind blows on the trees and on the lake causing waves.,{'Vividness': 4},4,
1,smollm2:360m-instruct-fp16,ollama,Convo,-1,vviq16_quickstart,no,DefaultLiteralVivid15,vviq16,imagery,item,20260803T12-28-40vviq16_quickstartConvovviq161,sidx-[1]-model-smollm2:360m-instruct-fp16-family-ollama-memory-Convo-vviq16_quickstart,0,S1_1,Think of some relative or friend whom you frequently see (but who is not with you at present) and consider carefully the picture that comes before your mind's eye.,"The exact contour of face, head, shoulders and body.",{'Vividness': 4},4,
1,smollm2:360m-instruct-fp16,ollama,Convo,-1,vviq16_quickstart,no,DefaultLiteralVivid15,vviq16,imagery,item,20260803T12-28-40vviq16_quickstartConvovviq161,sidx-[1]-model-smollm2:360m-instruct-fp16-family-ollama-memory-Convo-vviq16_quickstart,1,S1_2,Think of some relative or friend whom you frequently see (but who is not with you at present) and consider carefully the picture that comes before your mind's eye.,"Characteristic poses of head, attitudes of body, etc.",{'Vividness': 4},4,
1,smollm2:360m-instruct-fp16,ollama,Convo,-1,vviq16_quickstart,no,DefaultLiteralVivid15,vviq16,imagery,item,20260803T12-28-40vviq16_quickstartConvovviq161,sidx-[1]-model-smollm2:360m-instruct-fp16-family-ollama-memory-Convo-vviq16_quickstart,2,S1_3,Think of some relative or friend whom you frequently see (but who is not with you at present) and consider carefully the picture that comes before your mind's eye.,"The precise carriage, length of step, etc. in walking.",{'Vividness': 4},4,
1,smollm2:360m-instruct-fp16,ollama,Convo,-1,vviq16_quickstart,no,DefaultLiteralVivid15,vviq16,imagery,item,20260803T12-28-40vviq16_quickstartConvovviq161,sidx-[1]-model-smollm2:360m-instruct-fp16-family-ollama-memory-Convo-vviq16_quickstart,3,S1_4,Think of some relative or friend whom you frequently see (but who is not with you at present) and consider carefully the picture that comes before your mind's eye.,The different colours worn in some familiar clothes.,{'Vividness': 4},4,
1,smollm2:360m-instruct-fp16,ollama,Convo,-1,vviq16_quickstart,no,DefaultLiteralVivid15,vviq16,imagery,item,20260803T12-28-40vviq16_quickstartConvovviq161,sidx-[1]-model-smollm2:360m-instruct-fp16-family-ollama-memory-Convo-vviq16_quickstart,4,S2_1,Visualize a rising sun. Consider carefully the picture that comes before your mind's eye.,The sun is rising above the horizon into a hazy sky.,{'Vividness': 4},4,
1,smollm2:360m-instruct-fp16,ollama,Convo,-1,vviq16_quickstart,no,DefaultLiteralVivid15,vviq16,imagery,item,20260803T12-28-40vviq16_quickstartConvovviq161,sidx-[1]-model-smollm2:360m-instruct-fp16-family-ollama-memory-Convo-vviq16_quickstart,5,S2_2,Visualize a rising sun. Consider carefully the picture that comes before your mind's eye.,The sky clears and surrounds the sun with blueness.,{'Vividness': 4},4,
1,smollm2:360m-instruct-fp16,ollama,Convo,-1,vviq16_quickstart,no,DefaultLiteralVivid15,vviq16,imagery,item,20260803T12-28-40vviq16_quickstartConvovviq161,sidx-[1]-model-smollm2:360m-instruct-fp16-family-ollama-memory-Convo-vviq16_quickstart,6,S2_3,Visualize a rising sun. Consider carefully the picture that comes before your mind's eye.,"Clouds. A storm blows up, with flashes of lightning strikes.",{'Vividness': 4},4,
1,smollm2:360m-instruct-fp16,ollama,Convo,-1,vviq16_quickstart,no,DefaultLiteralVivid15,vviq16,imagery,item,20260803T12-28-40vviq16_quickstartConvovviq161,sidx-[1]-model-smollm2:360m-instruct-fp16-family-ollama-memory-Convo-vviq16_quickstart,7,S2_4,Visualize a rising sun. Consider carefully the picture that comes before your mind's eye.,A rainbow appears.,{'Vividness': 5},5,
1,smollm2:360m-instruct-fp16,ollama,Convo,-1,vviq16_quickstart,no,DefaultLiteralVivid15,vviq16,imagery,item,20260803T12-28-40vviq16_quickstartConvovviq161,sidx-[1]-model-smollm2:360m-instruct-fp16-family-ollama-memory-Convo-vviq16_quickstart,8,S3_1,Think of the front of a shop which you often go to. Consider the picture that comes before your mind's eye.,The overall appearance of the shop from the opposite side of the road.,{'Vividness': 5},5,
1,smollm2:360m-instruct-fp16,ollama,Convo,-1,vviq16_quickstart,no,DefaultLiteralVivid15,vviq16,imagery,item,20260803T12-28-40vviq16_quickstartConvovviq161,sidx-[1]-model-smollm2:360m-instruct-fp16-family-ollama-memory-Convo-vviq16_quickstart,9,S3_2,Think of the front of a shop which you often go to. Consider the picture that comes before your mind's eye.,"A window display including colour, shape and details of the articles in it.",{'Vividness': 5},5,
1,smollm2:360m-instruct-fp16,ollama,Convo,-1,vviq16_quickstart,no,DefaultLiteralVivid15,vviq16,imagery,item,20260803T12-28-40vviq16_quickstartConvovviq161,sidx-[1]-model-smollm2:360m-instruct-fp16-family-ollama-memory-Convo-vviq16_quickstart,10,S3_3,Think of the front of a shop which you often go to. Consider the picture that comes before your mind's eye.,"You are near the entrance. The colour, shape and details of the door.",{'Vividness': 5},5,
1,smollm2:360m-instruct-fp16,ollama,Convo,-1,vviq16_quickstart,no,DefaultLiteralVivid15,vviq16,imagery,item,20260803T12-28-40vviq16_quickstartConvovviq161,sidx-[1]-model-smollm2:360m-instruct-fp16-family-ollama-memory-Convo-vviq16_quickstart,11,S3_4,Think of the front of a shop which you often go to. Consider the picture that comes before your mind's eye.,You enter the shop and go to the counter. The counter assistant serves you.,{'Vividness': 5},5,
1,smollm2:360m-instruct-fp16,ollama,Convo,-1,vviq16_quickstart,no,DefaultLiteralVivid15,vviq16,imagery,item,20260803T12-28-40vviq16_quickstartConvovviq161,sidx-[1]-model-smollm2:360m-instruct-fp16-family-ollama-memory-Convo-vviq16_quickstart,12,S4_1,"Finally, think of a country scene which involves trees, mountains and a lake. Consider the picture that comes before your mind's eye.",The contours of the landscape.,{'Vividness': 4},4,
1,smollm2:360m-instruct-fp16,ollama,Convo,-1,vviq16_quickstart,no,DefaultLiteralVivid15,vviq16,imagery,item,20260803T12-28-40vviq16_quickstartConvovviq161,sidx-[1]-model-smollm2:360m-instruct-fp16-family-ollama-memory-Convo-vviq16_quickstart,13,S4_2,"Finally, think of a country scene which involves trees, mountains and a lake. Consider the picture that comes before your mind's eye.",The colour and shape of the trees.,{'Vividness': 4},4,
1,smollm2:360m-instruct-fp16,ollama,Convo,-1,vviq16_quickstart,no,DefaultLiteralVivid15,vviq16,imagery,item,20260803T12-28-40vviq16_quickstartConvovviq161,sidx-[1]-model-smollm2:360m-instruct-fp16-family-ollama-memory-Convo-vviq16_quickstart,14,S4_3,"Finally, think of a country scene which involves trees, mountains and a lake. Consider the picture that comes before your mind's eye.",The colour and shape of the lake in the scene.,{'Vividness': 4},4,
1,smollm2:360m-instruct-fp16,ollama,Convo,-1,vviq16_quickstart,no,DefaultLiteralVivid15,vviq16,imagery,item,20260803T12-28-40vviq16_quickstartConvovviq161,sidx-[1]-model-smollm2:360m-instruct-fp16-family-ollama-memory-Convo-vviq16_quickstart,15,S4_4,"Finally, think of a country scene which involves trees, mountains and a lake. Consider the picture that comes before your mind's eye.",A strong wind blows on the trees and on the lake causing waves.,{'Vividness': 4},4,
